id,"firstname","lastname","email","region"
151411,"Rodrick","Parlier","rparlier@example.com","GLA"
119803,"Angelia","Honda","ahonda@example.com","WLA"
113554,"Alaina","Ramsay","aramsay@example.com","GLA"
179292,"Luba","Reily","lreily@example.com","PS"
184832,"Terisa","Mertens","tmertens@example.com","IE"
198342,"Trinity","Marsee","tmarsee@example.com","PS"
105243,"Kamilah","Buss","kbuss@example.com","PS"
114386,"Gilbert","Carrero","gcarrero@example.com","GLA"
126189,"Gustavo","Cantrelle","gcantrelle@example.com","PS"
168173,"Janae","Noguera","jnoguera@example.com","IE"
159790,"Sibyl","Lister","slister@example.com","PS"
122568,"Daniela","Schaal","dschaal@example.com","IE"
190646,"Omega","Sumners","osumners@example.com","WGLA"
119457,"Steffanie","Fogarty","sfogarty@example.com","PS"
153768,"Kenny","Ponte","kponte@example.com","WGLA"
146655,"Sharmaine","Winans","swinans@example.com","IE"
102605,"Trinh","Luque","tluque@example.com","GLA"
129533,"Ahmed","Danis","adanis@example.com","WGLA"
137780,"Pricilla","Mimms","pmimms@example.com","GLA"
152102,"Josue","Etchison","jetchison@example.com","WGLA"
150039,"Josphine","Saavedra","jsaavedra@example.com","PS"
181902,"Lise","Laman","llaman@example.com","WLA"
106019,"Andy","Harvell","aharvell@example.com","IE"
177107,"Hobert","Caston","hcaston@example.com","WLA"
111148,"Nu","Lingle","nlingle@example.com","GLA"
117751,"Stephany","Convery","sconvery@example.com","WLA"
136975,"Zelma","Clemons","zclemons@example.com","GLA"
142882,"Mariette","Goldfarb","mgoldfarb@example.com","PS"
182058,"Stefanie","Zoller","szoller@example.com","IE"
173396,"Allie","Jeffery","ajeffery@example.com","IE"
